-- Employee, Doctor, EquipmentTechnician, EquipmentType, CanRepairEquipment, Room, Equipment, RoomService
    -- RoomAccess, Patient, Admission, Examine, StayIn

    -- Tables left. Employee, Doctor, EquipmentTechnician, CanRepairEquipment,
--                  -- RoomAccess, Examine, StayIn
-- Adding patients
INSERT INTO PATIENT (PATIENTSSN, PATIENTFNAME, PATIENTLNAME, PATIENTADDRESS, PATIENTTELNUM) VALUES
('124-12-4545', 'John', 'smith', '3-pname', '1234567890');
INSERT INTO PATIENT (PATIENTSSN, PATIENTFNAME, PATIENTLNAME, PATIENTADDRESS, PATIENTTELNUM) VALUES
('123-45-6789', 'John', 'Doe', '123 Elm St', '555-1234');
INSERT INTO "PATIENT" (PATIENTSSN, PATIENTFNAME, PATIENTLNAME, PATIENTADDRESS, PATIENTTELNUM) VALUES
    ('234-56-7890', 'Jane', 'Smith', '456 Oak St', '555-2345');
INSERT INTO "PATIENT" (PATIENTSSN, PATIENTFNAME, PATIENTLNAME, PATIENTADDRESS, PATIENTTELNUM) VALUES
('345-67-8901', 'Emily', 'Brown', '789 Pine St', '555-3456');
INSERT INTO "PATIENT" (PATIENTSSN, PATIENTFNAME, PATIENTLNAME, PATIENTADDRESS, PATIENTTELNUM) VALUES
('456-78-9012', 'Michael', 'Johnson', '101 Maple St', '555-4567');
INSERT INTO "PATIENT" (PATIENTSSN, PATIENTFNAME, PATIENTLNAME, PATIENTADDRESS, PATIENTTELNUM) VALUES
('567-89-0123', 'David', 'Williams', '202 Cedar St', '555-5678');
INSERT INTO "PATIENT" (PATIENTSSN, PATIENTFNAME, PATIENTLNAME, PATIENTADDRESS, PATIENTTELNUM) VALUES
('678-90-1234', 'Sarah', 'Jones', '303 Birch St', '555-6789');
INSERT INTO "PATIENT" (PATIENTSSN, PATIENTFNAME, PATIENTLNAME, PATIENTADDRESS, PATIENTTELNUM) VALUES
('789-01-2345', 'Chris', 'Miller', '404 Spruce St', '555-7890');
INSERT INTO "PATIENT" (PATIENTSSN, PATIENTFNAME, PATIENTLNAME, PATIENTADDRESS, PATIENTTELNUM) VALUES
('890-12-3456', 'Anna', 'Davis', '505 Redwood St', '555-8901');
INSERT INTO "PATIENT" (PATIENTSSN, PATIENTFNAME, PATIENTLNAME, PATIENTADDRESS, PATIENTTELNUM) VALUES
('901-23-4567', 'James', 'Garcia', '606 Walnut St', '555-9012');
INSERT INTO "PATIENT" (PATIENTSSN, PATIENTFNAME, PATIENTLNAME, PATIENTADDRESS, PATIENTTELNUM) VALUES
('012-34-5678', 'Karen', 'Martinez', '707 Ash St', '555-0123');

SELECT* FROM PATIENT;

---10 Rooms, at least 3 of these rooms have 2 or more services
-- Rooms
INSERT INTO ROOM (NUM, OCCUPIEDFLAG) VALUES (101, 'N');

INSERT INTO ROOM (NUM, OCCUPIEDFLAG) VALUES (102, 'Y');
INSERT INTO ROOM (NUM, OCCUPIEDFLAG) VALUES (103, 'N');
INSERT INTO ROOM (NUM, OCCUPIEDFLAG) VALUES (104, 'N');
INSERT INTO ROOM (NUM, OCCUPIEDFLAG) VALUES (105, 'Y');
INSERT INTO ROOM (NUM, OCCUPIEDFLAG) VALUES (106, 'Y');
INSERT INTO ROOM (NUM, OCCUPIEDFLAG) VALUES (107, 'N');
INSERT INTO ROOM (NUM, OCCUPIEDFLAG) VALUES (108, 'N');
INSERT INTO ROOM (NUM, OCCUPIEDFLAG) VALUES (109, 'Y');
INSERT INTO ROOM (NUM, OCCUPIEDFLAG) VALUES (110, 'Y');

SELECT * FROM ROOM;
-- Room services
INSERT INTO ROOMSERVICE(ROOMNUM, SERVICE) VALUES (101, 'Cleaning');
INSERT INTO ROOMSERVICE(ROOMNUM, SERVICE) VALUES(101, 'Food Service');
INSERT INTO ROOMSERVICE(ROOMNUM, SERVICE) VALUES(102, 'Operating Room');
INSERT INTO ROOMSERVICE(ROOMNUM, SERVICE) VALUES(103, 'Operating Room');
INSERT INTO ROOMSERVICE(ROOMNUM, SERVICE) VALUES(104, 'Laundry');
INSERT INTO ROOMSERVICE(ROOMNUM, SERVICE) VALUES(104, 'Cleaning');
INSERT INTO ROOMSERVICE(ROOMNUM, SERVICE) VALUES(105, 'Cleaning');
INSERT INTO ROOMSERVICE(ROOMNUM, SERVICE) VALUES(106, 'Food Service');
INSERT INTO ROOMSERVICE(ROOMNUM, SERVICE) VALUES(107, 'Laundry');
INSERT INTO ROOMSERVICE(ROOMNUM, SERVICE) VALUES(107, 'Cleaning');

SELECT * FROM ROOMSERVICE;

-- 3 Equipment Types
INSERT INTO EQUIPMENTTYPE(TYPEID, DESCRIPTION, MODEL, INSTRUCTIONS, NUMBEROFUNITS) VALUES
    (1, 'X-Ray Machine', 'Model X100', 'Follow safety protocols', 3);
INSERT INTO EQUIPMENTTYPE(TYPEID, DESCRIPTION, MODEL, INSTRUCTIONS, NUMBEROFUNITS) VALUES
    (2, 'MRI Scanner', 'Model MRI200', 'Ensure patient is still', 3);
INSERT INTO EQUIPMENTTYPE(TYPEID, DESCRIPTION, MODEL, INSTRUCTIONS, NUMBEROFUNITS) VALUES
    (3, 'Ventilator', 'Model V300', 'Use for respiratory support', 3);

-- SELECT * FROM EQUIPMENTTYPE;

-- 9 Equipment Units with 3 of each type
INSERT INTO EQUIPMENT(SERIALNUM, TYPEID, PURCHASEYEAR, LASTINSPECTION, ROOMNUMBER) VALUES
    ('X100-001', 1, 2019, TO_DATE('2023-01-15', 'YYYY-MM-DD'), 101);
INSERT INTO EQUIPMENT(SERIALNUM, TYPEID, PURCHASEYEAR, LASTINSPECTION, ROOMNUMBER) VALUES
    ('X100-002', 1, 2020, TO_DATE('2023-02-20', 'YYYY-MM-DD'), 102);
INSERT INTO EQUIPMENT(SERIALNUM, TYPEID, PURCHASEYEAR, LASTINSPECTION, ROOMNUMBER) VALUES
    ('X100-003', 1, 2023, TO_DATE('2022-02-12', 'YYYY-MM-DD'), 102);

INSERT INTO EQUIPMENT(SERIALNUM, TYPEID, PURCHASEYEAR, LASTINSPECTION, ROOMNUMBER) VALUES
    ('X200-001', 2, 2021, TO_DATE('2023-03-05', 'YYYY-MM-DD'), 109);
INSERT INTO EQUIPMENT(SERIALNUM, TYPEID, PURCHASEYEAR, LASTINSPECTION, ROOMNUMBER) VALUES
    ('X200-002', 2, 2019, TO_DATE('2023-06-18', 'YYYY-MM-DD'), 105);
INSERT INTO EQUIPMENT(SERIALNUM, TYPEID, PURCHASEYEAR, LASTINSPECTION, ROOMNUMBER) VALUES
    ('X200-003', 2, 2020, TO_DATE('2023-02-13', 'YYYY-MM-DD'), 103);

INSERT INTO EQUIPMENT(SERIALNUM, TYPEID, PURCHASEYEAR, LASTINSPECTION, ROOMNUMBER) VALUES
    ('X300-001', 3, 2017, TO_DATE('2023-01-30', 'YYYY-MM-DD'), 108);
INSERT INTO EQUIPMENT(SERIALNUM, TYPEID, PURCHASEYEAR, LASTINSPECTION, ROOMNUMBER) VALUES
    ('X300-002', 3, 2021, TO_DATE('2023-07-19', 'YYYY-MM-DD'), 107);
INSERT INTO EQUIPMENT(SERIALNUM, TYPEID, PURCHASEYEAR, LASTINSPECTION, ROOMNUMBER) VALUES
    ('X300-003', 3, 2018, TO_DATE('2023-04-27', 'YYYY-MM-DD'), 110);

-- At least 5 patients have 2 or more admissions (visits)
-- Patient 1: 3 admissions
INSERT INTO ADMISSION(ADMISSIONNUM, ADMISSIONDATE, LEAVEDATE, TOTALPAYMENT, INSURANCEPAYMENT, PATIENTSSN, FUTUREVISITDATE) VALUES
    (1, TO_DATE('2024-01-01', 'YYYY-MM-DD'), TO_DATE('2024-01-10', 'YYYY-MM-DD'), 5000, 3000, '123-45-6789', TO_DATE('2024-02-01', 'YYYY-MM-DD'));
INSERT INTO ADMISSION(ADMISSIONNUM, ADMISSIONDATE, LEAVEDATE, TOTALPAYMENT, INSURANCEPAYMENT, PATIENTSSN, FUTUREVISITDATE) VALUES
    (2, TO_DATE('2024-02-15', 'YYYY-MM-DD'), TO_DATE('2024-02-20', 'YYYY-MM-DD'), 3000, 2000, '123-45-6789', NULL);
INSERT INTO ADMISSION(ADMISSIONNUM, ADMISSIONDATE, LEAVEDATE, TOTALPAYMENT, INSURANCEPAYMENT, PATIENTSSN, FUTUREVISITDATE) VALUES
    (3, TO_DATE('2024-03-05', 'YYYY-MM-DD'), TO_DATE('2024-03-10', 'YYYY-MM-DD'), 4000, 2500, '123-45-6789', TO_DATE('2024-04-20', 'YYYY-MM-DD'));

-- Patient 2: 2 admissions
INSERT INTO ADMISSION(ADMISSIONNUM, ADMISSIONDATE, LEAVEDATE, TOTALPAYMENT, INSURANCEPAYMENT, PATIENTSSN, FUTUREVISITDATE) VALUES
    (4, TO_DATE('2024-03-01', 'YYYY-MM-DD'), TO_DATE('2024-03-05', 'YYYY-MM-DD'), 10000, 2500, '234-56-7890', NULL);
INSERT INTO ADMISSION(ADMISSIONNUM, ADMISSIONDATE, LEAVEDATE, TOTALPAYMENT, INSURANCEPAYMENT, PATIENTSSN, FUTUREVISITDATE) VALUES
    (5, TO_DATE('2024-04-01', 'YYYY-MM-DD'), TO_DATE('2024-04-07', 'YYYY-MM-DD'), 12500, 3200, '234-56-7890', NULL);

-- Patient 3: 2 admissions
INSERT INTO ADMISSION(ADMISSIONNUM, ADMISSIONDATE, LEAVEDATE, TOTALPAYMENT, INSURANCEPAYMENT, PATIENTSSN, FUTUREVISITDATE) VALUES
    (6, TO_DATE('2024-04-15', 'YYYY-MM-DD'), TO_DATE('2025-04-18', 'YYYY-MM-DD'), 6000, 3500, '345-67-8901', TO_DATE('2024-05-01', 'YYYY-MM-DD'));
INSERT INTO ADMISSION(ADMISSIONNUM, ADMISSIONDATE, LEAVEDATE, TOTALPAYMENT, INSURANCEPAYMENT, PATIENTSSN, FUTUREVISITDATE) VALUES
    (7, TO_DATE('2024-05-10', 'YYYY-MM-DD'), TO_DATE('2024-05-15', 'YYYY-MM-DD'), 3000, 2000, '345-67-8901', NULL);

-- Patient 4: 2 admissions
INSERT INTO ADMISSION(ADMISSIONNUM, ADMISSIONDATE, LEAVEDATE, TOTALPAYMENT, INSURANCEPAYMENT, PATIENTSSN, FUTUREVISITDATE) VALUES
    (8, TO_DATE('2024-05-05', 'YYYY-MM-DD'), TO_DATE('2024-05-10', 'YYYY-MM-DD'), 7000, 4000, '456-78-9012', NULL);
INSERT INTO ADMISSION(ADMISSIONNUM, ADMISSIONDATE, LEAVEDATE, TOTALPAYMENT, INSURANCEPAYMENT, PATIENTSSN, FUTUREVISITDATE) VALUES
    (9, TO_DATE('2024-06-15', 'YYYY-MM-DD'), TO_DATE('2024-06-20', 'YYYY-MM-DD'), 10000, 7000, '456-78-9012', TO_DATE('2024-07-01', 'YYYY-MM-DD'));

-- Patient 5: 2 admissions
INSERT INTO ADMISSION(ADMISSIONNUM, ADMISSIONDATE, LEAVEDATE, TOTALPAYMENT, INSURANCEPAYMENT, PATIENTSSN, FUTUREVISITDATE) VALUES
    (10, TO_DATE('2024-06-05', 'YYYY-MM-DD'), TO_DATE('2024-06-10', 'YYYY-MM-DD'), 9000, 6000, '567-89-0123', NULL);
INSERT INTO ADMISSION(ADMISSIONNUM, ADMISSIONDATE, LEAVEDATE, TOTALPAYMENT, INSURANCEPAYMENT, PATIENTSSN, FUTUREVISITDATE) VALUES
    (11, TO_DATE('2024-06-20', 'YYYY-MM-DD'), TO_DATE('2024-06-25', 'YYYY-MM-DD'), 4500, 3000, '567-89-0123', TO_DATE('2024-07-15', 'YYYY-MM-DD'));

-----------------------------------------------
-- EMPLOYEES