-- Employee, Doctor, EquipmentTechnician, EquipmentType, CanRepairEquipment, Room, Equipment, RoomService
    -- RoomAccess, Patient, Admission, Examine, StayIn

-- Adding 10 patients
INSERT INTO PATIENT (PATIENTSSN, PATIENTFNAME, PATIENTLNAME, PATIENTADDRESS, PATIENTTELNUM) VALUES
('124-12-4545', 'John', 'smith', '3-pname', '1234567890');
INSERT INTO PATIENT (PATIENTSSN, PATIENTFNAME, PATIENTLNAME, PATIENTADDRESS, PATIENTTELNUM) VALUES
('123-45-6789', 'John', 'Doe', '123 Elm St', '555-1234');
INSERT INTO "PATIENT" (PATIENTSSN, PATIENTFNAME, PATIENTLNAME, PATIENTADDRESS, PATIENTTELNUM) VALUES
    ('234-56-7890', 'Jane', 'Smith', '456 Oak St', '555-2345');
INSERT INTO "PATIENT" (PATIENTSSN, PATIENTFNAME, PATIENTLNAME, PATIENTADDRESS, PATIENTTELNUM) VALUES
('345-67-8901', 'Emily', 'Brown', '789 Pine St', '555-3456');
INSERT INTO "PATIENT" (PATIENTSSN, PATIENTFNAME, PATIENTLNAME, PATIENTADDRESS, PATIENTTELNUM) VALUES
('456-78-9012', 'Michael', 'Johnson', '101 Maple St', '555-4567');
INSERT INTO "PATIENT" (PATIENTSSN, PATIENTFNAME, PATIENTLNAME, PATIENTADDRESS, PATIENTTELNUM) VALUES
('567-89-0123', 'David', 'Williams', '202 Cedar St', '555-5678');
INSERT INTO "PATIENT" (PATIENTSSN, PATIENTFNAME, PATIENTLNAME, PATIENTADDRESS, PATIENTTELNUM) VALUES
('678-90-1234', 'Sarah', 'Jones', '303 Birch St', '555-6789');
INSERT INTO "PATIENT" (PATIENTSSN, PATIENTFNAME, PATIENTLNAME, PATIENTADDRESS, PATIENTTELNUM) VALUES
('789-01-2345', 'Chris', 'Miller', '404 Spruce St', '555-7890');
INSERT INTO "PATIENT" (PATIENTSSN, PATIENTFNAME, PATIENTLNAME, PATIENTADDRESS, PATIENTTELNUM) VALUES
('890-12-3456', 'Anna', 'Davis', '505 Redwood St', '555-8901');
INSERT INTO "PATIENT" (PATIENTSSN, PATIENTFNAME, PATIENTLNAME, PATIENTADDRESS, PATIENTTELNUM) VALUES
('901-23-4567', 'James', 'Garcia', '606 Walnut St', '555-9012');
INSERT INTO "PATIENT" (PATIENTSSN, PATIENTFNAME, PATIENTLNAME, PATIENTADDRESS, PATIENTTELNUM) VALUES
('012-34-5678', 'Karen', 'Martinez', '707 Ash St', '555-0123');
INSERT INTO "PATIENT" (PATIENTSSN, PATIENTFNAME, PATIENTLNAME, PATIENTADDRESS, PATIENTTELNUM) VALUES
    ('111-22-3333', 'John', 'Cena', '123 Sandy Cheeks St', '554-5123');

SELECT* FROM PATIENT;

---10 Rooms, at least 3 of these rooms have 2 or more services
-- Rooms
INSERT INTO ROOM (NUM, OCCUPIEDFLAG) VALUES (101, 'N');

INSERT INTO ROOM (NUM, OCCUPIEDFLAG) VALUES (102, 'Y');
INSERT INTO ROOM (NUM, OCCUPIEDFLAG) VALUES (103, 'N');
INSERT INTO ROOM (NUM, OCCUPIEDFLAG) VALUES (104, 'N');
INSERT INTO ROOM (NUM, OCCUPIEDFLAG) VALUES (105, 'Y');
INSERT INTO ROOM (NUM, OCCUPIEDFLAG) VALUES (106, 'Y');
INSERT INTO ROOM (NUM, OCCUPIEDFLAG) VALUES (107, 'N');
INSERT INTO ROOM (NUM, OCCUPIEDFLAG) VALUES (108, 'N');
INSERT INTO ROOM (NUM, OCCUPIEDFLAG) VALUES (109, 'Y');
INSERT INTO ROOM (NUM, OCCUPIEDFLAG) VALUES (110, 'Y');

SELECT * FROM ROOM;
-- Room services
INSERT INTO ROOMSERVICE(ROOMNUM, SERVICE) VALUES (101, 'Cleaning');
INSERT INTO ROOMSERVICE(ROOMNUM, SERVICE) VALUES(101, 'Food Service');
INSERT INTO ROOMSERVICE(ROOMNUM, SERVICE) VALUES(102, 'Operating Room');
INSERT INTO ROOMSERVICE(ROOMNUM, SERVICE) VALUES(103, 'Operating Room');
INSERT INTO ROOMSERVICE(ROOMNUM, SERVICE) VALUES(104, 'Laundry');
INSERT INTO ROOMSERVICE(ROOMNUM, SERVICE) VALUES(104, 'Cleaning');
INSERT INTO ROOMSERVICE(ROOMNUM, SERVICE) VALUES(105, 'Cleaning');
INSERT INTO ROOMSERVICE(ROOMNUM, SERVICE) VALUES(106, 'Food Service');
INSERT INTO ROOMSERVICE(ROOMNUM, SERVICE) VALUES(107, 'Laundry');
INSERT INTO ROOMSERVICE(ROOMNUM, SERVICE) VALUES(107, 'Cleaning');

SELECT * FROM ROOMSERVICE;

-- 3 Equipment Types
INSERT INTO EQUIPMENTTYPE(TYPEID, DESCRIPTION, MODEL, INSTRUCTIONS, NUMBEROFUNITS) VALUES
    (1, 'X-Ray Machine', 'Model X100', 'Follow safety protocols', 3);
INSERT INTO EQUIPMENTTYPE(TYPEID, DESCRIPTION, MODEL, INSTRUCTIONS, NUMBEROFUNITS) VALUES
    (2, 'MRI Scanner', 'Model MRI200', 'Ensure patient is still', 3);
INSERT INTO EQUIPMENTTYPE(TYPEID, DESCRIPTION, MODEL, INSTRUCTIONS, NUMBEROFUNITS) VALUES
    (3, 'Ventilator', 'Model V300', 'Use for respiratory support', 3);

-- SELECT * FROM EQUIPMENTTYPE;

-- 9 Equipment Units with 3 of each type
INSERT INTO EQUIPMENT(SERIALNUM, TYPEID, PURCHASEYEAR, LASTINSPECTION, ROOMNUMBER) VALUES
    ('X100-001', 1, 2019, TO_DATE('2023-01-15', 'YYYY-MM-DD'), 101);
INSERT INTO EQUIPMENT(SERIALNUM, TYPEID, PURCHASEYEAR, LASTINSPECTION, ROOMNUMBER) VALUES
    ('X100-002', 1, 2020, TO_DATE('2023-02-20', 'YYYY-MM-DD'), 102);
INSERT INTO EQUIPMENT(SERIALNUM, TYPEID, PURCHASEYEAR, LASTINSPECTION, ROOMNUMBER) VALUES
    ('X100-003', 1, 2023, TO_DATE('2022-02-12', 'YYYY-MM-DD'), 102);

INSERT INTO EQUIPMENT(SERIALNUM, TYPEID, PURCHASEYEAR, LASTINSPECTION, ROOMNUMBER) VALUES
    ('X200-001', 2, 2021, TO_DATE('2023-03-05', 'YYYY-MM-DD'), 109);
INSERT INTO EQUIPMENT(SERIALNUM, TYPEID, PURCHASEYEAR, LASTINSPECTION, ROOMNUMBER) VALUES
    ('X200-002', 2, 2019, TO_DATE('2023-06-18', 'YYYY-MM-DD'), 105);
INSERT INTO EQUIPMENT(SERIALNUM, TYPEID, PURCHASEYEAR, LASTINSPECTION, ROOMNUMBER) VALUES
    ('X200-003', 2, 2020, TO_DATE('2023-02-13', 'YYYY-MM-DD'), 103);

INSERT INTO EQUIPMENT(SERIALNUM, TYPEID, PURCHASEYEAR, LASTINSPECTION, ROOMNUMBER) VALUES
    ('X300-001', 3, 2017, TO_DATE('2023-01-30', 'YYYY-MM-DD'), 108);
INSERT INTO EQUIPMENT(SERIALNUM, TYPEID, PURCHASEYEAR, LASTINSPECTION, ROOMNUMBER) VALUES
    ('X300-002', 3, 2021, TO_DATE('2023-07-19', 'YYYY-MM-DD'), 107);
INSERT INTO EQUIPMENT(SERIALNUM, TYPEID, PURCHASEYEAR, LASTINSPECTION, ROOMNUMBER) VALUES
    ('X300-003', 3, 2018, TO_DATE('2023-04-27', 'YYYY-MM-DD'), 110);
INSERT INTO EQUIPMENT(SERIALNUM, TYPEID, PURCHASEYEAR, LASTINSPECTION, ROOMNUMBER) VALUES
    ('A01-02X', 3, 2020, TO_DATE('2021-04-27', 'YYYY-MM-DD'), 110);


-- At least 5 patients have 2 or more admissions (visits)
-- Patient 1: 3 admissions
INSERT INTO ADMISSION(ADMISSIONNUM, ADMISSIONDATE, LEAVEDATE, TOTALPAYMENT, INSURANCEPAYMENT, PATIENTSSN, FUTUREVISITDATE) VALUES
    (1, TO_DATE('2024-01-01', 'YYYY-MM-DD'), TO_DATE('2024-01-10', 'YYYY-MM-DD'), 5000, 3000, '123-45-6789', TO_DATE('2024-02-01', 'YYYY-MM-DD'));
INSERT INTO ADMISSION(ADMISSIONNUM, ADMISSIONDATE, LEAVEDATE, TOTALPAYMENT, INSURANCEPAYMENT, PATIENTSSN, FUTUREVISITDATE) VALUES
    (2, TO_DATE('2024-02-15', 'YYYY-MM-DD'), TO_DATE('2024-02-20', 'YYYY-MM-DD'), 3000, 2000, '123-45-6789', NULL);
INSERT INTO ADMISSION(ADMISSIONNUM, ADMISSIONDATE, LEAVEDATE, TOTALPAYMENT, INSURANCEPAYMENT, PATIENTSSN, FUTUREVISITDATE) VALUES
    (3, TO_DATE('2024-03-05', 'YYYY-MM-DD'), TO_DATE('2024-03-10', 'YYYY-MM-DD'), 4000, 2500, '123-45-6789', TO_DATE('2024-04-20', 'YYYY-MM-DD'));

-- Patient 2: 2 admissions
INSERT INTO ADMISSION(ADMISSIONNUM, ADMISSIONDATE, LEAVEDATE, TOTALPAYMENT, INSURANCEPAYMENT, PATIENTSSN, FUTUREVISITDATE) VALUES
    (4, TO_DATE('2024-03-01', 'YYYY-MM-DD'), TO_DATE('2024-03-05', 'YYYY-MM-DD'), 10000, 2500, '234-56-7890', NULL);
INSERT INTO ADMISSION(ADMISSIONNUM, ADMISSIONDATE, LEAVEDATE, TOTALPAYMENT, INSURANCEPAYMENT, PATIENTSSN, FUTUREVISITDATE) VALUES
    (5, TO_DATE('2024-04-01', 'YYYY-MM-DD'), TO_DATE('2024-04-07', 'YYYY-MM-DD'), 12500, 3200, '234-56-7890', NULL);

-- Patient 3: 2 admissions
INSERT INTO ADMISSION(ADMISSIONNUM, ADMISSIONDATE, LEAVEDATE, TOTALPAYMENT, INSURANCEPAYMENT, PATIENTSSN, FUTUREVISITDATE) VALUES
    (6, TO_DATE('2024-04-15', 'YYYY-MM-DD'), TO_DATE('2025-04-18', 'YYYY-MM-DD'), 6000, 3500, '345-67-8901', TO_DATE('2024-05-01', 'YYYY-MM-DD'));
INSERT INTO ADMISSION(ADMISSIONNUM, ADMISSIONDATE, LEAVEDATE, TOTALPAYMENT, INSURANCEPAYMENT, PATIENTSSN, FUTUREVISITDATE) VALUES
    (7, TO_DATE('2024-05-10', 'YYYY-MM-DD'), TO_DATE('2024-05-15', 'YYYY-MM-DD'), 3000, 2000, '345-67-8901', NULL);

-- Patient 4: 2 admissions
INSERT INTO ADMISSION(ADMISSIONNUM, ADMISSIONDATE, LEAVEDATE, TOTALPAYMENT, INSURANCEPAYMENT, PATIENTSSN, FUTUREVISITDATE) VALUES
    (8, TO_DATE('2024-05-05', 'YYYY-MM-DD'), TO_DATE('2024-05-10', 'YYYY-MM-DD'), 7000, 4000, '456-78-9012', NULL);
INSERT INTO ADMISSION(ADMISSIONNUM, ADMISSIONDATE, LEAVEDATE, TOTALPAYMENT, INSURANCEPAYMENT, PATIENTSSN, FUTUREVISITDATE) VALUES
    (9, TO_DATE('2024-06-15', 'YYYY-MM-DD'), TO_DATE('2024-06-20', 'YYYY-MM-DD'), 10000, 7000, '456-78-9012', TO_DATE('2024-07-01', 'YYYY-MM-DD'));

-- Patient 5: 2 admissions
INSERT INTO ADMISSION(ADMISSIONNUM, ADMISSIONDATE, LEAVEDATE, TOTALPAYMENT, INSURANCEPAYMENT, PATIENTSSN, FUTUREVISITDATE) VALUES
    (10, TO_DATE('2024-06-05', 'YYYY-MM-DD'), TO_DATE('2024-06-10', 'YYYY-MM-DD'), 9000, 6000, '567-89-0123', NULL);
INSERT INTO ADMISSION(ADMISSIONNUM, ADMISSIONDATE, LEAVEDATE, TOTALPAYMENT, INSURANCEPAYMENT, PATIENTSSN, FUTUREVISITDATE) VALUES
    (11, TO_DATE('2024-06-20', 'YYYY-MM-DD'), TO_DATE('2024-06-25', 'YYYY-MM-DD'), 4500, 3000, '567-89-0123', TO_DATE('2024-07-15', 'YYYY-MM-DD'));
-- PATIENT 6:

INSERT INTO ADMISSION(ADMISSIONNUM, ADMISSIONDATE, LEAVEDATE, TOTALPAYMENT, INSURANCEPAYMENT, PATIENTSSN, FUTUREVISITDATE) VALUES
    (12, TO_DATE('2024-06-05', 'YYYY-MM-DD'), TO_DATE('2024-06-10', 'YYYY-MM-DD'), 9000, 6000, '111-22-3333', NULL);
INSERT INTO ADMISSION(ADMISSIONNUM, ADMISSIONDATE, LEAVEDATE, TOTALPAYMENT, INSURANCEPAYMENT, PATIENTSSN, FUTUREVISITDATE) VALUES
    (13, TO_DATE('2024-06-20', 'YYYY-MM-DD'), TO_DATE('2024-06-25', 'YYYY-MM-DD'), 4500, 3000, '111-22-3333', TO_DATE('2024-07-15', 'YYYY-MM-DD'));
-----------------------------------------------
-- EMPLOYEES----- 21 of them

-- 2 General Managers
INSERT INTO EMPLOYEE(ID, FNAME, LNAME, SALARY, JOBTITLE, OFFICENUM, EMPRANK, SUPERVISORID, ADDRESSSTREET, ADDRESSCITY) VALUES
    (20, 'James', 'Wright', 120000, 'General Manager', 'G101', 2, NULL, '808 Magnolia St', 'City T');
INSERT INTO EMPLOYEE(ID, FNAME, LNAME, SALARY, JOBTITLE, OFFICENUM, EMPRANK, SUPERVISORID, ADDRESSSTREET, ADDRESSCITY) VALUES
    (21, 'Amelia', 'Scott', 125000, 'General Manager', 'G102', 2, NULL, '909 Aspen St', 'City U');

-- 4 division managers
INSERT INTO EMPLOYEE(ID, FNAME, LNAME, SALARY, JOBTITLE, OFFICENUM, EMPRANK, SUPERVISORID, ADDRESSSTREET, ADDRESSCITY) VALUES
    (10, 'Kamala', 'Harris', 420000, 'Division Manager', 'X101', 1, 20, '404 Bitch St', 'City Z');
INSERT INTO EMPLOYEE(ID, FNAME, LNAME, SALARY, JOBTITLE, OFFICENUM, EMPRANK, SUPERVISORID, ADDRESSSTREET, ADDRESSCITY) VALUES
    (16, 'Ava', 'Harris', 80000, 'Division Manager', 'D101', 1, 20, '404 Beech St', 'City P');
INSERT INTO EMPLOYEE(ID, FNAME, LNAME, SALARY, JOBTITLE, OFFICENUM, EMPRANK, SUPERVISORID, ADDRESSSTREET, ADDRESSCITY) VALUES
    (17, 'William', 'Clark', 85000, 'Division Manager', 'D102', 1, 20, '505 Sycamore St', 'City Q');
INSERT INTO EMPLOYEE(ID, FNAME, LNAME, SALARY, JOBTITLE, OFFICENUM, EMPRANK, SUPERVISORID, ADDRESSSTREET, ADDRESSCITY) VALUES
    (18, 'Sophia', 'Young', 82000, 'Division Manager', 'D103', 1, 20, '606 Alder St', 'City R');
INSERT INTO EMPLOYEE(ID, FNAME, LNAME, SALARY, JOBTITLE, OFFICENUM, EMPRANK, SUPERVISORID, ADDRESSSTREET, ADDRESSCITY) VALUES
    (19, 'Ethan', 'King', 83000, 'Division Manager', 'D104', 1, 21, '707 Sequoia St', 'City S');


-- 5 doctors
INSERT INTO EMPLOYEE(ID, FNAME, LNAME, SALARY, JOBTITLE, OFFICENUM, EMPRANK, SUPERVISORID, ADDRESSSTREET, ADDRESSCITY) VALUES
    (1, 'John', 'Doe', 100000, 'Doctor', 'A101', 0, 10, '123 Elm St', 'City A');
INSERT INTO EMPLOYEE(ID, FNAME, LNAME, SALARY, JOBTITLE, OFFICENUM, EMPRANK, SUPERVISORID, ADDRESSSTREET, ADDRESSCITY) VALUES
    (2, 'Jane', 'Smith', 105000, 'Doctor', 'A102', 0, 10, '456 Oak St', 'City B');



INSERT INTO EMPLOYEE(ID, FNAME, LNAME, SALARY, JOBTITLE, OFFICENUM, EMPRANK, SUPERVISORID, ADDRESSSTREET, ADDRESSCITY) VALUES
    (3, 'Emily', 'Jones', 110000, 'Doctor', 'A103', 0, 17, '789 Pine St', 'City C');
INSERT INTO EMPLOYEE(ID, FNAME, LNAME, SALARY, JOBTITLE, OFFICENUM, EMPRANK, SUPERVISORID, ADDRESSSTREET, ADDRESSCITY) VALUES
    (4, 'Michael', 'Brown', 95000, 'Doctor', 'A104', 0, 18, '101 Maple St', 'City D');
INSERT INTO EMPLOYEE(ID, FNAME, LNAME, SALARY, JOBTITLE, OFFICENUM, EMPRANK, SUPERVISORID, ADDRESSSTREET, ADDRESSCITY) VALUES
    (5, 'Emma', 'Johnson', 115000, 'Doctor', 'A105', 0, 19, '202 Birch St', 'City E');


-- 5 Technicans
INSERT INTO EMPLOYEE(ID, FNAME, LNAME, SALARY, JOBTITLE, OFFICENUM, EMPRANK, SUPERVISORID, ADDRESSSTREET, ADDRESSCITY) VALUES
    (6, 'Tom', 'Wilson', 70000, 'Technician', 'B101', 0, 16, '303 Cedar St', 'City F');
INSERT INTO EMPLOYEE(ID, FNAME, LNAME, SALARY, JOBTITLE, OFFICENUM, EMPRANK, SUPERVISORID, ADDRESSSTREET, ADDRESSCITY) VALUES
    (7, 'Anna', 'Taylor', 72000, 'Technician', 'B102', 0, 17, '404 Walnut St', 'City G');
INSERT INTO EMPLOYEE(ID, FNAME, LNAME, SALARY, JOBTITLE, OFFICENUM, EMPRANK, SUPERVISORID, ADDRESSSTREET, ADDRESSCITY) VALUES
    (8, 'Lucas', 'Anderson', 68000, 'Technician', 'B103', 0, 17, '505 Spruce St', 'City H');
INSERT INTO EMPLOYEE(ID, FNAME, LNAME, SALARY, JOBTITLE, OFFICENUM, EMPRANK, SUPERVISORID, ADDRESSSTREET, ADDRESSCITY) VALUES
    (9, 'Sophia', 'Lee', 73000, 'Technician', 'B104', 0, 18, '606 Fir St', 'City I');

INSERT INTO EMPLOYEE(ID, FNAME, LNAME, SALARY, JOBTITLE, OFFICENUM, EMPRANK, SUPERVISORID, ADDRESSSTREET, ADDRESSCITY) VALUES
    (40, 'David', 'Martin', 71000, 'Technician', 'B105', 0, 19, '707 Ash St', 'City J');


-- 5 Cleaners
INSERT INTO EMPLOYEE(ID, FNAME, LNAME, SALARY, JOBTITLE, OFFICENUM, EMPRANK, SUPERVISORID, ADDRESSSTREET, ADDRESSCITY) VALUES
    (11, 'Liam', 'Thomas', 40000, 'Cleaner', 'C101', 0, 16, '808 Chestnut St', 'City K');
INSERT INTO EMPLOYEE(ID, FNAME, LNAME, SALARY, JOBTITLE, OFFICENUM, EMPRANK, SUPERVISORID, ADDRESSSTREET, ADDRESSCITY) VALUES
    (12, 'Olivia', 'Garcia', 42000, 'Cleaner', 'C102', 0, 17, '909 Willow St', 'City L');
INSERT INTO EMPLOYEE(ID, FNAME, LNAME, SALARY, JOBTITLE, OFFICENUM, EMPRANK, SUPERVISORID, ADDRESSSTREET, ADDRESSCITY) VALUES
    (13, 'Noah', 'Moore', 41000, 'Cleaner', 'C103', 0, 17, '101 Poplar St', 'City M');
INSERT INTO EMPLOYEE(ID, FNAME, LNAME, SALARY, JOBTITLE, OFFICENUM, EMPRANK, SUPERVISORID, ADDRESSSTREET, ADDRESSCITY) VALUES
    (14, 'Isabella', 'Jackson', 43000, 'Cleaner', 'C104', 0, 18, '202 Redwood St', 'City N');
INSERT INTO EMPLOYEE(ID, FNAME, LNAME, SALARY, JOBTITLE, OFFICENUM, EMPRANK, SUPERVISORID, ADDRESSSTREET, ADDRESSCITY) VALUES
    (15, 'Mason', 'White', 42000, 'Cleaner', 'C105', 0, 19, '303 Cypress St', 'City O');


-- DOCTOR
INSERT INTO DOCTOR (EMPLOYEEID, GENDER, SPECIALTY, GRADUATEDFROM) VALUES
    (1, 'M', 'General Surgery', 'WPI'); /*WPI has no medical school...*/
INSERT INTO DOCTOR (EMPLOYEEID, GENDER, SPECIALTY, GRADUATEDFROM) VALUES
    (2, 'M', 'Neurology', 'WPI');
INSERT INTO DOCTOR (EMPLOYEEID, GENDER, SPECIALTY, GRADUATEDFROM) VALUES
    (3, 'F', 'Pediatrics', 'Harvard Medical School');
INSERT INTO DOCTOR (EMPLOYEEID, GENDER, SPECIALTY, GRADUATEDFROM) VALUES
    (4, 'F', 'General Surgery', 'Tufts Medical School');
INSERT INTO DOCTOR (EMPLOYEEID, GENDER, SPECIALTY, GRADUATEDFROM) VALUES
    (5, 'M', 'General Surgery', 'John Hopkins Medical School');

-- EquipmentTechnician
INSERT INTO EQUIPMENTTECHNICIAN (EMPLOYEEID) VALUES (6);
INSERT INTO EQUIPMENTTECHNICIAN (EMPLOYEEID) VALUES (7);
INSERT INTO EQUIPMENTTECHNICIAN (EMPLOYEEID) VALUES (8);
INSERT INTO EQUIPMENTTECHNICIAN (EMPLOYEEID) VALUES (9);
INSERT INTO EQUIPMENTTECHNICIAN (EMPLOYEEID) VALUES (10);

-- canRepairEquipment
INSERT INTO CANREPAIREQUIPMENT (EMPLOYEEID, EQUIPMENTTYPE) VALUES (6, 3);
INSERT INTO CANREPAIREQUIPMENT (EMPLOYEEID, EQUIPMENTTYPE) VALUES (6, 2);

INSERT INTO CANREPAIREQUIPMENT (EMPLOYEEID, EQUIPMENTTYPE) VALUES (7, 1);
INSERT INTO CANREPAIREQUIPMENT (EMPLOYEEID, EQUIPMENTTYPE) VALUES (7, 2);

INSERT INTO CANREPAIREQUIPMENT (EMPLOYEEID, EQUIPMENTTYPE) VALUES (8, 1);
INSERT INTO CANREPAIREQUIPMENT (EMPLOYEEID, EQUIPMENTTYPE) VALUES (8, 2);

INSERT INTO CANREPAIREQUIPMENT (EMPLOYEEID, EQUIPMENTTYPE) VALUES (9, 1);
INSERT INTO CANREPAIREQUIPMENT (EMPLOYEEID, EQUIPMENTTYPE) VALUES (9, 2);

INSERT INTO CANREPAIREQUIPMENT (EMPLOYEEID, EQUIPMENTTYPE) VALUES (10, 1);
INSERT INTO CANREPAIREQUIPMENT (EMPLOYEEID, EQUIPMENTTYPE) VALUES (10, 2);
-- RoomAccess : 101 - 110

-- Doctors' access to Operating Rooms
INSERT INTO RoomAccess (ROOMNUM, EMPLOYEEID) VALUES (102, 1);
INSERT INTO ROOMACCESS (ROOMNUM, EMPLOYEEID) VALUES (102, 2);
INSERT INTO ROOMACCESS (ROOMNUM, EMPLOYEEID) VALUES (102, 3);
INSERT INTO ROOMACCESS (ROOMNUM, EMPLOYEEID) VALUES (102, 4);
INSERT INTO ROOMACCESS (ROOMNUM, EMPLOYEEID) VALUES (102, 5);
INSERT INTO ROOMACCESS (ROOMNUM, EMPLOYEEID) VALUES (103, 1);
INSERT INTO ROOMACCESS (ROOMNUM, EMPLOYEEID) VALUES (103, 2);
INSERT INTO ROOMACCESS (ROOMNUM, EMPLOYEEID) VALUES (103, 3);
INSERT INTO ROOMACCESS (ROOMNUM, EMPLOYEEID) VALUES (103, 4);
INSERT INTO ROOMACCESS (ROOMNUM, EMPLOYEEID) VALUES (103, 5);

-- Cleaners' access to rooms 102 and 103 (Operating Rooms)
INSERT INTO ROOMACCESS (ROOMNUM, EMPLOYEEID) VALUES (102, 11);
INSERT INTO ROOMACCESS (ROOMNUM, EMPLOYEEID) VALUES (102, 12);
INSERT INTO ROOMACCESS (ROOMNUM, EMPLOYEEID) VALUES (102, 13);
INSERT INTO ROOMACCESS (ROOMNUM, EMPLOYEEID) VALUES (102, 14);
INSERT INTO ROOMACCESS (ROOMNUM, EMPLOYEEID) VALUES (102, 15);
INSERT INTO ROOMACCESS (ROOMNUM, EMPLOYEEID) VALUES (103, 11);
INSERT INTO ROOMACCESS (ROOMNUM, EMPLOYEEID) VALUES (103, 12);
INSERT INTO ROOMACCESS (ROOMNUM, EMPLOYEEID) VALUES (103, 13);
INSERT INTO ROOMACCESS (ROOMNUM, EMPLOYEEID) VALUES (103, 14);
INSERT INTO ROOMACCESS (ROOMNUM, EMPLOYEEID) VALUES (103, 15);

-- Laundry and Cleaning staff access to rooms 101, 104, 105, 107
INSERT INTO ROOMACCESS (ROOMNUM, EMPLOYEEID) VALUES (101, 11);
INSERT INTO ROOMACCESS (ROOMNUM, EMPLOYEEID) VALUES (101, 12);
INSERT INTO ROOMACCESS (ROOMNUM, EMPLOYEEID) VALUES (101, 13);
INSERT INTO ROOMACCESS (ROOMNUM, EMPLOYEEID) VALUES (101, 14);
INSERT INTO ROOMACCESS (ROOMNUM, EMPLOYEEID) VALUES (101, 15);
INSERT INTO ROOMACCESS (ROOMNUM, EMPLOYEEID) VALUES (104, 11);
INSERT INTO ROOMACCESS (ROOMNUM, EMPLOYEEID) VALUES (104, 12);
INSERT INTO ROOMACCESS (ROOMNUM, EMPLOYEEID) VALUES (104, 13);
INSERT INTO ROOMACCESS (ROOMNUM, EMPLOYEEID) VALUES (104, 14);
INSERT INTO ROOMACCESS (ROOMNUM, EMPLOYEEID) VALUES (104, 15);
INSERT INTO ROOMACCESS (ROOMNUM, EMPLOYEEID) VALUES (105, 11);
INSERT INTO ROOMACCESS (ROOMNUM, EMPLOYEEID) VALUES (105, 12);
INSERT INTO ROOMACCESS (ROOMNUM, EMPLOYEEID) VALUES (105, 13);
INSERT INTO ROOMACCESS (ROOMNUM, EMPLOYEEID) VALUES (105, 14);
INSERT INTO ROOMACCESS (ROOMNUM, EMPLOYEEID) VALUES (105, 15);
INSERT INTO ROOMACCESS (ROOMNUM, EMPLOYEEID) VALUES (107, 11);
INSERT INTO ROOMACCESS (ROOMNUM, EMPLOYEEID) VALUES (107, 12);
INSERT INTO ROOMACCESS (ROOMNUM, EMPLOYEEID) VALUES (107, 13);
INSERT INTO ROOMACCESS (ROOMNUM, EMPLOYEEID) VALUES (107, 14);
INSERT INTO ROOMACCESS (ROOMNUM, EMPLOYEEID) VALUES (107, 15);

-- Food service staff access to room 101
INSERT INTO ROOMACCESS (ROOMNUM, EMPLOYEEID) VALUES (101, 1);
INSERT INTO ROOMACCESS (ROOMNUM, EMPLOYEEID) VALUES (101, 2);
INSERT INTO ROOMACCESS (ROOMNUM, EMPLOYEEID) VALUES (101, 3);
INSERT INTO ROOMACCESS (ROOMNUM, EMPLOYEEID) VALUES (101, 4);
INSERT INTO ROOMACCESS (ROOMNUM, EMPLOYEEID) VALUES (101, 5);
INSERT INTO ROOMACCESS (ROOMNUM, EMPLOYEEID) VALUES (101, 6);
INSERT INTO ROOMACCESS (ROOMNUM, EMPLOYEEID) VALUES (101, 7);
INSERT INTO ROOMACCESS (ROOMNUM, EMPLOYEEID) VALUES (101, 8);
INSERT INTO ROOMACCESS (ROOMNUM, EMPLOYEEID) VALUES (101, 9);
INSERT INTO ROOMACCESS (ROOMNUM, EMPLOYEEID) VALUES (101, 10);
INSERT INTO ROOMACCESS (ROOMNUM, EMPLOYEEID) VALUES (101, 16);
INSERT INTO ROOMACCESS (ROOMNUM, EMPLOYEEID) VALUES (101, 17);
INSERT INTO ROOMACCESS (ROOMNUM, EMPLOYEEID) VALUES (101, 18);
INSERT INTO ROOMACCESS (ROOMNUM, EMPLOYEEID) VALUES (101, 19);
INSERT INTO ROOMACCESS (ROOMNUM, EMPLOYEEID) VALUES (101, 20);
INSERT INTO ROOMACCESS (ROOMNUM, EMPLOYEEID) VALUES (101, 21);

INSERT INTO ROOMACCESS (ROOMNUM, EMPLOYEEID) VALUES (106, 1);
INSERT INTO ROOMACCESS (ROOMNUM, EMPLOYEEID) VALUES (106, 2);
INSERT INTO ROOMACCESS (ROOMNUM, EMPLOYEEID) VALUES (106, 3);
INSERT INTO ROOMACCESS (ROOMNUM, EMPLOYEEID) VALUES (106, 4);
INSERT INTO ROOMACCESS (ROOMNUM, EMPLOYEEID) VALUES (106, 5);
INSERT INTO ROOMACCESS (ROOMNUM, EMPLOYEEID) VALUES (106, 6);
INSERT INTO ROOMACCESS (ROOMNUM, EMPLOYEEID) VALUES (106, 7);
INSERT INTO ROOMACCESS (ROOMNUM, EMPLOYEEID) VALUES (106, 8);
INSERT INTO ROOMACCESS (ROOMNUM, EMPLOYEEID) VALUES (106, 9);
INSERT INTO ROOMACCESS (ROOMNUM, EMPLOYEEID) VALUES (106, 10);
INSERT INTO ROOMACCESS (ROOMNUM, EMPLOYEEID) VALUES (106, 16);
INSERT INTO ROOMACCESS (ROOMNUM, EMPLOYEEID) VALUES (106, 17);
INSERT INTO ROOMACCESS (ROOMNUM, EMPLOYEEID) VALUES (106, 18);
INSERT INTO ROOMACCESS (ROOMNUM, EMPLOYEEID) VALUES (106, 19);
INSERT INTO ROOMACCESS (ROOMNUM, EMPLOYEEID) VALUES (106, 20);
INSERT INTO ROOMACCESS (ROOMNUM, EMPLOYEEID) VALUES (106, 21);

-- EXAMINE
INSERT INTO EXAMINE (DOCTORID, ADMISSIONNUM, EXAMCOMMENT) VALUES
    (1, 1, 'Nice Cock');
INSERT INTO EXAMINE (DOCTORID, ADMISSIONNUM, EXAMCOMMENT) VALUES
    (2, 1, 'Overweight');
INSERT INTO EXAMINE (DOCTORID, ADMISSIONNUM, EXAMCOMMENT) VALUES
    (3, 1, 'Eat more dairy');
INSERT INTO EXAMINE (DOCTORID, ADMISSIONNUM, EXAMCOMMENT) VALUES
    (4, 1, 'Take frequent breaks');
INSERT INTO EXAMINE (DOCTORID, ADMISSIONNUM, EXAMCOMMENT) VALUES
    (5, 1, 'Socialize more');

INSERT INTO EXAMINE (DOCTORID, ADMISSIONNUM, EXAMCOMMENT) VALUES
    (5, 12, 'Eat less junk food');
INSERT INTO EXAMINE (DOCTORID, ADMISSIONNUM, EXAMCOMMENT) VALUES
    (5, 13, 'lose weight');


-- STAYIN
INSERT INTO STAYIN (ADMISSIONNUM, ROOMNUM, STARTDATE, ENDDATE) VALUES
    (1, 101, TO_DATE('2024-08-25', 'YYYY-MM-DD'), TO_DATE('2024-09-01', 'YYYY-MM-DD'));
INSERT INTO STAYIN (ADMISSIONNUM, ROOMNUM, STARTDATE, ENDDATE) VALUES
    (2, 102, TO_DATE('2024-08-28', 'YYYY-MM-DD'), TO_DATE('2024-09-05', 'YYYY-MM-DD'));
INSERT INTO STAYIN (ADMISSIONNUM, ROOMNUM, STARTDATE, ENDDATE) VALUES
    (3, 103, TO_DATE('2024-09-01', 'YYYY-MM-DD'), TO_DATE('2024-09-10', 'YYYY-MM-DD'));
INSERT INTO STAYIN (ADMISSIONNUM, ROOMNUM, STARTDATE, ENDDATE) VALUES
    (4, 104, TO_DATE('2024-09-02', 'YYYY-MM-DD'), TO_DATE('2024-09-09', 'YYYY-MM-DD'));
INSERT INTO STAYIN (ADMISSIONNUM, ROOMNUM, STARTDATE, ENDDATE) VALUES
    (5, 105, TO_DATE('2024-09-03', 'YYYY-MM-DD'), TO_DATE('2024-09-10', 'YYYY-MM-DD'));
INSERT INTO STAYIN (ADMISSIONNUM, ROOMNUM, STARTDATE, ENDDATE) VALUES
    (6, 106, TO_DATE('2024-09-05', 'YYYY-MM-DD'), TO_DATE('2024-09-12', 'YYYY-MM-DD'));
INSERT INTO STAYIN (ADMISSIONNUM, ROOMNUM, STARTDATE, ENDDATE) VALUES
    (7, 107, TO_DATE('2024-09-07', 'YYYY-MM-DD'), TO_DATE('2024-09-14', 'YYYY-MM-DD'));
INSERT INTO STAYIN (ADMISSIONNUM, ROOMNUM, STARTDATE, ENDDATE) VALUES
    (8, 108, TO_DATE('2024-09-08', 'YYYY-MM-DD'), TO_DATE('2024-09-15', 'YYYY-MM-DD'));
INSERT INTO STAYIN (ADMISSIONNUM, ROOMNUM, STARTDATE, ENDDATE) VALUES
    (9, 109, TO_DATE('2024-09-09', 'YYYY-MM-DD'), TO_DATE('2024-09-16', 'YYYY-MM-DD'));
INSERT INTO STAYIN (ADMISSIONNUM, ROOMNUM, STARTDATE, ENDDATE) VALUES
    (10, 110, TO_DATE('2024-09-10', 'YYYY-MM-DD'), TO_DATE('2024-09-17', 'YYYY-MM-DD'));
INSERT INTO STAYIN (ADMISSIONNUM, ROOMNUM, STARTDATE, ENDDATE) VALUES
    (11, 101, TO_DATE('2024-09-11', 'YYYY-MM-DD'), TO_DATE('2024-09-18', 'YYYY-MM-DD'));
INSERT INTO STAYIN (ADMISSIONNUM, ROOMNUM, STARTDATE, ENDDATE) VALUES
    (12, 104, TO_DATE('2024-09-11', 'YYYY-MM-DD'), TO_DATE('2024-09-18', 'YYYY-MM-DD'));
INSERT INTO STAYIN (ADMISSIONNUM, ROOMNUM, STARTDATE, ENDDATE) VALUES
    (13, 105, TO_DATE('2024-09-11', 'YYYY-MM-DD'), TO_DATE('2024-09-18', 'YYYY-MM-DD'));
