-- QUERY 1
INSERT INTO "Emp" (EID, ENAME, AGE, SALARY) VALUES (9000000, 'Joe Mama', 69, 69000);
INSERT INTO "Emp" (EID, ENAME, AGE, SALARY) VALUES (9000001, 'Lean Bean', 21, 40000);

INSERT INTO "Works" (EID, DID, PCT_TIME) VALUES (9000000, 5,100);
INSERT INTO "Works" (EID, DID, PCT_TIME) VALUES (9000001, 1,100);


-- QUERY 2
INSERT INTO "Emp" (EID, ENAME, AGE, SALARY)
VALUES (8000000, 'Shaniqua0', 20, 50000);

INSERT INTO "Emp" (EID, ENAME, AGE, SALARY)
VALUES (8000001, 'Shaniqua1', 20, 50000);

INSERT INTO "Emp" (EID, ENAME, AGE, SALARY)
VALUES (8000002, 'Shaniqua2', 20, 50000);

INSERT INTO "Emp" (EID, ENAME, AGE, SALARY)
VALUES (8000003, 'Shaniqua3', 20, 50000);

INSERT INTO "Emp" (EID, ENAME, AGE, SALARY)
VALUES (8000004, 'Shaniqua4', 20, 50000);

INSERT INTO "Emp" (EID, ENAME, AGE, SALARY)
VALUES (8000005, 'Shaniqua5', 20, 50000);

INSERT INTO "Emp" (EID, ENAME, AGE, SALARY)
VALUES (8000006, 'Shaniqua6', 20, 50000);

INSERT INTO "Emp" (EID, ENAME, AGE, SALARY)
VALUES (8000007, 'Shaniqua7', 20, 50000);

INSERT INTO "Emp" (EID, ENAME, AGE, SALARY)
VALUES (8000008, 'Shaniqua8', 20, 50000);

INSERT INTO "Emp" (EID, ENAME, AGE, SALARY)
VALUES (8000009, 'Shaniqua9', 20, 50000);

INSERT INTO "Emp" (EID, ENAME, AGE, SALARY)
VALUES (8000010, 'Shaniqua10', 20, 50000);

INSERT INTO "Emp" (EID, ENAME, AGE, SALARY)
VALUES (8000011, 'Shaniqua11', 20, 50000);

INSERT INTO "Emp" (EID, ENAME, AGE, SALARY)
VALUES (8000012, 'Shaniqua12', 20, 50000);

INSERT INTO "Emp" (EID, ENAME, AGE, SALARY)
VALUES (8000013, 'Shaniqua13', 20, 50000);

INSERT INTO "Emp" (EID, ENAME, AGE, SALARY)
VALUES (8000014, 'Shaniqua14', 20, 50000);

INSERT INTO "Emp" (EID, ENAME, AGE, SALARY)
VALUES (8000015, 'Shaniqua15', 20, 50000);

INSERT INTO "Emp" (EID, ENAME, AGE, SALARY)
VALUES (8000016, 'Shaniqua16', 20, 50000);

INSERT INTO "Emp" (EID, ENAME, AGE, SALARY)
VALUES (8000017, 'Shaniqua17', 20, 50000);

INSERT INTO "Emp" (EID, ENAME, AGE, SALARY)
VALUES (8000018, 'Shaniqua18', 20, 50000);

INSERT INTO "Emp" (EID, ENAME, AGE, SALARY)
VALUES (8000019, 'Shaniqua19', 20, 50000);

INSERT INTO "Emp" (EID, ENAME, AGE, SALARY)
VALUES (8000020, 'Shaniqua20', 20, 50000);

INSERT INTO "Emp" (EID, ENAME, AGE, SALARY)
VALUES (8000021, 'Shaniqua21', 20, 50000);

INSERT INTO "Dept"(DID, DNAME, BUDGET, MANAGERID)VALUES(14,'Media', 100000, 8000005);
INSERT INTO "Works" (EID, DID, PCT_TIME)
VALUES (8000000, 14, 50);

INSERT INTO "Works" (EID, DID, PCT_TIME)
VALUES (8000001, 14, 50);

INSERT INTO "Works" (EID, DID, PCT_TIME)
VALUES (8000002, 14, 50);

INSERT INTO "Works" (EID, DID, PCT_TIME)
VALUES (8000003, 14, 50);

INSERT INTO "Works" (EID, DID, PCT_TIME)
VALUES (8000004, 14, 50);

INSERT INTO "Works" (EID, DID, PCT_TIME)
VALUES (8000005, 14, 50);

INSERT INTO "Works" (EID, DID, PCT_TIME)
VALUES (8000006, 14, 50);

INSERT INTO "Works" (EID, DID, PCT_TIME)
VALUES (8000007, 14, 50);

INSERT INTO "Works" (EID, DID, PCT_TIME)
VALUES (8000008, 14, 50);

INSERT INTO "Works" (EID, DID, PCT_TIME)
VALUES (8000009, 14, 50);

INSERT INTO "Works" (EID, DID, PCT_TIME)
VALUES (8000010, 14, 50);

INSERT INTO "Works" (EID, DID, PCT_TIME)
VALUES (8000011, 14, 50);

INSERT INTO "Works" (EID, DID, PCT_TIME)
VALUES (8000012, 14, 50);

INSERT INTO "Works" (EID, DID, PCT_TIME)
VALUES (8000013, 14, 50);

INSERT INTO "Works" (EID, DID, PCT_TIME)
VALUES (8000014, 14, 50);

INSERT INTO "Works" (EID, DID, PCT_TIME)
VALUES (8000015, 14, 50);

INSERT INTO "Works" (EID, DID, PCT_TIME)
VALUES (8000016, 14, 50);

INSERT INTO "Works" (EID, DID, PCT_TIME)
VALUES (8000017, 14, 50);

INSERT INTO "Works" (EID, DID, PCT_TIME)
VALUES (8000018, 14, 50);

INSERT INTO "Works" (EID, DID, PCT_TIME)
VALUES (8000019, 14, 50);

INSERT INTO "Works" (EID, DID, PCT_TIME)
VALUES (8000020, 14, 50);

INSERT INTO "Works" (EID, DID, PCT_TIME)
VALUES (8000021, 14, 50);

-- QUERY 3
INSERT INTO "Emp" (EID, ENAME, AGE, SALARY)
VALUES (7000000, 'Eric Li', 20, 50000);

INSERT INTO "Dept"(DID, DNAME, BUDGET, MANAGERID)
VALUES(13, 'Artist', 1000000, 7000000);

INSERT INTO "Works"(EID, DID, PCT_TIME)
VALUES(7000000, 13, 100);


-- QUERY 4
INSERT INTO "Dept" (DID, DNAME, BUDGET, MANAGERID)
VALUES(12, 'Joker', 1000000, 348121549);
-- QUERY 5
INSERT INTO "Dept" (DID, DNAME, BUDGET, MANAGERID)
VALUES(9, 'Copywriting', 100000000, 320874981);
INSERT INTO "Dept" (DID, DNAME, BUDGET, MANAGERID)
VALUES(10, 'Sanitary', 100000000, 322654189);
INSERT INTO "Dept" (DID, DNAME, BUDGET, MANAGERID)
VALUES(11, 'Repair', 100000000, 334568786);
